Strategy,Time,Speedup
Without Cache,0.7673904895782471,1.0
With Cache,0.9774880409240723,0.7850638140317209
