Strategy,Execution_Time,Relative_Performance
RDD API,22.273752450942993,33.38154331444677
DataFrame API,0.7864763736724854,1.178687569207747
Spark SQL,0.6672475337982178,1.0
