sentiment_label,count,percentage
Negative,1026,4.405702507729303
Neutral,990,4.25111645482652
Positive,21272,91.34318103744418
