stars,count,percentage
1,602,2.5850223290965304
2,424,1.8206801786327724
3,990,4.25111645482652
4,2259,9.700274819649605
5,19013,81.64290621779458
