summary,text_length,word_count
count,23288,23288
mean,96.65922363448986,16.434386808656818
stddev,115.12989551565853,19.903133980896154
min,1,1
25%,31,5
50%,58,10
75%,118,20
max,1967,351
